"Year","Month","Day","Hr1","Hr2","Hr3","Hr4","Hr5","Hr6","Hr7","Hr8","Hr9","Hr10","Hr11","Hr12","Hr13","Hr14","Hr15","Hr16","Hr17","Hr18","Hr19","Hr20","Hr21","Hr22","Hr23","Hr24","Hr25"
"2025","1","1","14877","14487","14091","13804","13735","13929","14284","14606","14996","15285","15668","16111","16546","16813","17147","17557","18149","18846","18758","18478","18114","17512","16719","15956",""
"2025","1","2","15421","15054","14848","14795","14999","15778","17031","18022","18404","18366","18427","18492","18453","18672","19032","19572","20324","21141","21031","20761","20228","19447","18319","17350",""
"2025","1","3","16676","16195","15914","15807","15998","16675","17859","18884","19246","19151","18948","18660","18429","18576","18902","19462","20327","21037","20847","20533","20083","19452","18575","17725",""
"2025","1","4","17126","16719","16422","16275","16336","16604","17156","17870","18371","18470","18501","18466","18461","18622","18921","19578","20392","21116","21031","20812","20324","19754","18964","18199",""
"2025","1","5","17546","17034","16663","16461","16430","16640","17071","17671","18012","18204","18330","18511","18628","18788","19045","19590","20425","21219","21135","20831","20346","19550","18574","17602",""
"2025","1","6","16961","16573","16275","16226","16485","17292","18763","20033","20573","20877","21076","21161","21197","21250","21195","21384","21974","22685","22562","22217","21744","20973","19861","18820",""
"2025","1","7","18237","17897","17657","17578","17802","18567","20070","21156","21442","21317","20902","20503","20345","20395","20708","21322","22208","23113","23069","22714","22128","21255","20089","19025",""
"2025","1","8","18287","17867","17630","17536","17713","18571","20092","21181","21335","21106","20678","20304","20120","20274","20687","21477","22445","23441","23445","23133","22527","21641","20547","19501",""
"2025","1","9","18785","18325","17976","17871","18094","18872","20369","21446","21624","21233","20863","20570","20277","20154","20330","21069","22116","22967","22906","22588","21978","21072","19954","18934",""
"2025","1","10","18208","17740","17423","17246","17317","18092","19506","20598","20488","19870","19011","18541","18310","18382","18682","19577","20494","21261","21036","20576","20032","19355","18467","17543",""
"2025","1","11","16868","16380","16161","16041","16096","16464","17051","17753","18431","18883","19009","18936","18869","18712","18737","19050","19748","20491","20495","20226","19907","19341","18518","17715",""
"2025","1","12","17057","16515","16103","15887","15854","16082","16586","17218","17540","17502","17239","16914","16887","16992","17458","18057","19051","19996","20054","19755","19327","18617","17601","16704",""
"2025","1","13","16109","15671","15415","15354","15706","16669","18171","19383","19690","19888","19925","19742","19649","19704","19638","19790","20478","21402","21345","20975","20398","19535","18434","17463",""
"2025","1","14","16795","16398","16054","16187","16478","17388","18937","20056","20166","19654","19216","19003","18891","19093","19477","20209","21269","22168","22120","21762","21205","20386","19318","18388",""
"2025","1","15","17808","17442","17183","17098","17318","18128","19619","20774","20772","20376","19983","19764","19694","19780","19964","20562","21505","22384","22299","21943","21404","20569","19443","18370",""
"2025","1","16","17711","17264","16988","16868","17106","17955","19335","20438","20569","20254","19951","20041","20243","20145","20428","20901","21463","22132","22008","21618","20988","20209","19175","18145",""
"2025","1","17","17389","16923","16650","16532","16714","17497","18945","19999","20294","20186","19729","19227","18991","18927","19030","19449","20042","20778","20611","20247","19723","19061","18241","17335",""
"2025","1","18","16724","16218","15846","15706","15711","15995","16584","17178","17582","17994","18297","18464","18544","18555","18573","18704","18983","19416","19288","18941","18527","17954","17276","16630",""
"2025","1","19","15950","15528","15236","15098","15157","15408","15960","16516","17003","17256","17663","17845","18090","18548","18986","19337","19879","20435","20417","20102","19733","19208","18527","17738",""
"2025","1","20","17207","16801","16574","16568","16820","17487","18535","19495","20089","20397","20619","20630","20521","20580","20652","20984","21672","22691","22787","22512","22004","21212","20242","19235",""
"2025","1","21","18673","18303","18099","18070","18313","19187","20737","21913","22326","22287","22110","21929","21730","21724","21787","22126","22673","23503","23470","23136","22670","21860","20873","19959",""
"2025","1","22","19367","18972","18764","18699","18980","19797","21281","22481","22851","22579","22241","21923","21602","21493","21656","22076","22573","23514","23521","23171","22640","21826","20735","19727",""
"2025","1","23","19087","18733","18403","18293","18466","19190","20540","21689","21997","21716","21329","20866","20411","20205","20208","20849","21740","22655","22771","22415","21872","21100","20056","19093",""
"2025","1","24","18433","18002","17753","17648","17889","18599","19935","21076","21287","20942","20539","20299","20103","19946","19888","20252","21093","21926","21951","21635","21213","20597","19744","18873",""
"2025","1","25","18239","17811","17501","17323","17381","17732","18411","19125","19447","19200","18914","18852","18937","18970","19116","19483","20248","21050","21080","20749","20320","19707","18910","18184",""
"2025","1","26","17548","17054","16702","16484","16458","16597","17051","17644","17961","17882","17731","17746","17592","17699","17718","18146","19113","20351","20521","20255","19914","19240","18434","17521",""
"2025","1","27","16959","16592","16361","16342","16619","17477","19065","20205","19852","18857","18064","17657","17402","17395","17717","18697","20162","21435","21580","21185","20472","19611","18563","17563",""
"2025","1","28","16888","16440","16149","16039","16244","17096","18610","19645","19670","19142","18604","18127","17773","17625","18053","19092","20282","21267","21412","21090","20566","19796","18755","17764",""
"2025","1","29","16991","16408","16062","15915","16069","16800","18020","18999","19299","19111","18593","18397","18395","18389","18762","19304","20073","20904","21041","20771","20234","19541","18575","17792",""
"2025","1","30","17280","16911","16678","16643","16910","17764","19422","20466","20373","19697","19065","18757","18614","18524","18651","19542","20502","21546","21640","21271","20585","19753","18598","17554",""
"2025","1","31","16903","16392","16063","15895","16045","16775","18004","19041","19418","19598","19659","19589","19598","19610","19642","19841","20154","20493","20295","19792","19213","18497","17602","16693",""
"2025","2","1","16016","15612","15363","15285","15492","15921","16610","17366","17919","18060","17832","17512","17240","17045","17161","17826","19055","20298","20659","20574","20320","19944","19405","18803",""
"2025","2","2","18296","17936","17670","17532","17540","17765","18248","18776","19101","19124","19230","19253","19122","19360","19679","20144","20658","21267","21229","20904","20315","19494","18525","17601",""
"2025","2","3","16956","16508","16240","16117","16333","17087","18496","19495","19728","19772","19612","19209","18947","18653","18437","18842","19502","20467","20606","20216","19593","18677","17641","16661",""
"2025","2","4","15964","15516","15264","15173","15367","16164","17644","18664","18801","18508","17955","17618","17571","17725","17987","18665","19677","20827","21108","20863","20417","19697","18696","17791",""
"2025","2","5","17070","16714","16510","16455","16693","17541","19093","20183","20165","19588","18765","18138","17795","17699","17906","18745","19996","21197","21460","21216","20742","20021","18997","17998",""
"2025","2","6","17470","17092","16808","16692","16889","17623","18892","19897","20499","20876","21050","21032","20941","20722","20510","20501","20724","21223","21233","20872","20182","19263","18200","17207",""
"2025","2","7","16547","16097","15829","15739","15945","16727","18150","19086","19170","18666","18215","17806","17494","17466","17655","18413","19624","20731","20980","20713","20285","19676","18820","18087",""
"2025","2","8","17528","17128","16868","16717","16759","17059","17618","18150","18370","17922","17532","17418","17215","17415","18020","18586","19331","20083","20264","20014","19679","19215","18457","17753",""
"2025","2","9","17112","16611","16241","16062","16044","16234","16647","17144","17847","18439","18819","19053","19182","19247","19291","19422","19764","20468","20488","19871","19333","18756","18016","17230",""
"2025","2","10","16583","16155","15948","15944","16252","17122","18452","19472","19843","19787","19625","19445","19145","18832","18723","19114","19987","20956","21288","21050","20568","19842","18779","17867",""
"2025","2","11","17329","16969","16784","16775","17038","17840","19282","20286","20492","20390","20018","19635","19315","19293","19530","19938","20519","21250","21407","21127","20574","19812","18765","17773",""
"2025","2","12","17115","16720","16500","16418","16647","17443","18882","19884","20216","20250","20132","19855","19746","19873","19955","20255","20761","21445","21526","21140","20546","19735","18659","17690",""
"2025","2","13","17086","16568","16193","16012","16164","16858","18136","19070","19518","19834","19880","19759","19572","19435","19269","19379","19730","20528","20782","20524","20046","19386","18443","17601",""
"2025","2","14","16993","16593","16381","16319","16598","17424","18800","19683","19487","18895","18368","17982","17621","17505","17584","18326","19548","20657","20907","20585","20085","19499","18769","17959",""
"2025","2","15","17337","16880","16581","16377","16424","16735","17326","17882","18202","18381","18698","18964","19181","19259","19427","19693","19929","20420","20545","20208","19691","19008","18266","17502",""
"2025","2","16","16901","16412","16042","15838","15803","16014","16434","16963","17564","18148","18655","18962","19183","19152","18902","18771","18882","19372","19641","19330","18849","18368","17734","17035",""
"2025","2","17","16595","16336","16154","16149","16374","17018","17943","18691","19030","19183","19226","19128","18888","18843","18867","19216","20014","21104","21608","21333","20870","20250","19366","18538",""
"2025","2","18","17953","17601","17400","17395","17666","18450","19659","20511","20566","20150","19964","19755","19790","19637","19730","20249","21134","22190","22651","22328","21824","21076","20120","19170",""
"2025","2","19","18501","18104","17858","17765","17962","18565","19801","20615","20669","20433","20036","19694","19389","19477","19608","20010","20780","21716","22120","21792","21277","20597","19624","18730",""
"2025","2","20","18156","17759","17514","17455","17699","18403","19665","20351","20200","19859","19652","19434","19647","19938","20287","20756","21323","22050","22336","22033","21502","20794","19826","18930",""
"2025","2","21","18259","17852","17531","17445","17651","18330","19536","20340","20589","20238","19710","19298","18895","18728","18881","19326","20227","21266","21716","21446","20977","20379","19539","18749",""
"2025","2","22","18144","17705","17436","17273","17276","17540","18112","18346","18039","17513","17009","16589","16209","15893","15920","16518","17793","19068","19643","19474","19146","18632","17968","17331",""
"2025","2","23","16767","16381","16101","15947","15916","16130","16496","16737","16605","16465","16215","16021","16040","16193","16542","17261","18098","18823","19305","19141","18705","18073","17249","16457",""
"2025","2","24","15947","15617","15391","15369","15642","16464","17909","18589","18255","17533","16841","16483","16390","16260","16693","17326","18328","19449","19994","19671","19118","18233","17130","16231",""
"2025","2","25","15627","15203","14971","14909","15140","15944","17357","18016","17843","17299","16920","16746","16826","16860","17247","17689","18261","18942","19288","19018","18514","17801","16865","15965",""
"2025","2","26","15363","14950","14663","14598","14843","15673","17079","17541","16766","15866","15304","14994","14862","15167","15580","16306","17198","18208","18765","18708","18251","17557","16627","15688",""
"2025","2","27","14897","14513","14401","14436","14650","15437","16835","17762","18215","18263","18294","18218","18069","18129","18000","18255","18667","19125","19354","19045","18499","17723","16805","15905",""
"2025","2","28","15300","14874","14633","14614","14895","15743","17117","17578","17066","16405","15822","15423","15176","15322","15880","16742","17822","18606","18931","18642","18190","17607","16803","15977",""
"2025","3","1","15344","14924","14582","14440","14486","14765","15278","15711","15945","15752","15695","15601","15576","15614","16019","16428","17092","18159","18800","18805","18619","18361","17850","17276",""
"2025","3","2","16823","16485","16297","16243","16387","16699","17150","17211","16888","16404","16122","15958","15811","15837","16165","16958","18316","19721","20381","20293","19967","19342","18491","17653",""
"2025","3","3","17103","16763","16571","16544","16875","17737","19066","19429","18630","17748","17136","16675","16359","16311","16524","17177","18471","19942","20652","20493","19985","19145","18214","17204",""
"2025","3","4","16576","16203","15944","15881","16139","16900","18141","18908","18967","18476","17761","17296","17106","17283","17155","17266","17819","18774","19405","19156","18592","17774","16834","15926",""
"2025","3","5","15217","14770","14504","14397","14627","15384","16699","17560","17941","17972","17831","17753","17800","17898","17675","17732","18264","18820","19015","18670","18060","17238","16219","15298",""
"2025","3","6","14656","14173","13898","13809","14047","14835","16158","16918","17155","17063","16803","16637","16709","17099","17387","17848","18517","19224","19630","19453","19014","18346","17478","16612",""
"2025","3","7","16072","15706","15494","15425","15662","16419","17692","18114","17652","17155","16913","16536","16024","15699","15645","16038","17259","18662","19166","19013","18545","17909","17045","16203",""
"2025","3","8","15576","15163","14948","14774","14881","15280","15823","16051","15726","15103","14824","14322","14118","13990","14119","14697","16077","17704","18561","18559","18208","17790","17166","16487",""
"2025","3","9","15927","15515","15277","15214","15376","15684","16022","15943","15664","15457","15270","15137","14535","14200","14101","14378","15784","17221","17973","17821","17273","16467","15599","",""
"2025","3","10","14938","14493","14219","14130","14446","15280","16724","17780","17350","15939","14883","14313","13849","13599","13484","13697","14391","15635","16959","17625","17399","16772","15860","15002",""
"2025","3","11","14362","14005","13831","13770","14044","14866","16350","17311","16869","15486","14376","13734","13351","13291","13237","13530","14383","15620","16707","17362","17178","16593","15714","14869",""
"2025","3","12","14204","13810","13601","13589","13883","14760","16258","17313","17034","15976","15145","14825","14896","15029","15422","16068","16822","17431","17894","18352","18121","17485","16505","15612",""
"2025","3","13","14944","14555","14315","14252","14508","15341","16789","17737","17389","16297","15237","14584","14213","14032","13836","13936","14762","16089","17138","17850","17707","17151","16283","15422",""
"2025","3","14","14808","14403","14171","14068","14306","15076","16476","17428","17077","16000","14969","14190","13707","13405","13203","13377","14108","15361","16343","16912","16758","16271","15591","14786",""
"2025","3","15","14189","13746","13447","13312","13347","13631","14188","14782","14943","14902","14869","14708","14485","14287","14365","14680","15048","15519","16152","16572","16412","16000","15305","14619",""
"2025","3","16","13981","13454","13039","12918","12893","13060","13542","13951","14448","14775","14817","14806","14905","15007","15067","15379","15466","15816","16127","16424","16184","15622","14849","14055",""
"2025","3","17","13476","13079","12883","12810","13030","13804","15197","16365","16896","17155","17291","17211","16965","16889","16689","16685","16718","17109","17627","18151","17952","17352","16417","15565",""
"2025","3","18","15001","14588","14372","14350","14643","15487","16907","17867","17138","15830","14823","14227","13838","13586","13372","13457","14130","15367","16565","17315","17180","16579","15705","14782",""
"2025","3","19","14155","13781","13556","13502","13769","14604","16013","16781","16033","14945","14277","13672","13310","13201","13219","13566","14542","15706","16457","16968","16757","16105","15158","14248",""
"2025","3","20","13618","13225","12974","12899","13092","13852","15271","16176","16255","15869","15537","15320","15044","14996","15046","15419","15883","16675","17100","17497","17217","16551","15630","14758",""
"2025","3","21","14069","13672","13404","13385","13632","14489","15931","16944","16651","15597","14796","14258","13870","13720","13488","13525","14091","15309","16536","17371","17272","16745","16066","15285",""
"2025","3","22","14678","14248","13996","13883","13904","14161","14630","15029","14944","14532","14007","13781","13714","13912","14363","14539","14670","15294","16004","16632","16655","16313","15820","15233",""
"2025","3","23","14755","14424","14188","14111","14219","14500","15008","15329","14881","13996","13339","13005","12773","12609","12594","12980","14029","15433","16663","17433","17409","16815","15968","15151",""
"2025","3","24","14565","14219","13981","13924","14163","14864","16351","17520","17962","18091","18061","17840","17507","17239","17066","17189","17344","17727","18004","18334","18019","17264","16274","15319",""
"2025","3","25","14612","14150","13879","13780","13980","14706","16138","17034","17018","16416","15898","15566","15500","15434","15362","15552","15980","16738","17346","17869","17665","16970","16009","15072",""
"2025","3","26","14418","13999","13797","13764","14076","14918","16385","17217","17022","16360","15719","15385","15454","15624","15806","15999","16426","17041","17635","18252","18158","17484","16540","15652",""
"2025","3","27","15045","14676","14458","14434","14749","15604","17023","17755","16912","15672","14805","14324","13958","13699","13562","13680","14375","15687","16964","17753","17717","17151","16221","15344",""
"2025","3","28","14697","14275","14011","13904","14126","14891","16197","16840","16552","15816","15227","15024","15250","15375","15236","15795","16441","16826","16962","17111","16846","16267","15482","14664",""
"2025","3","29","14053","13633","13291","13133","13155","13431","13936","14425","14719","14942","14775","14770","14762","14987","15479","15698","15958","16135","16309","16514","16387","15960","15401","14731",""
"2025","3","30","14161","13744","13405","13232","13207","13417","13850","14312","14808","15270","15461","15484","15525","15432","15430","15403","15729","16262","16600","16864","16732","16135","15292","14496",""
"2025","3","31","13877","13442","13170","13037","13214","13903","15233","16194","16634","16717","16533","16240","15742","15165","15114","15448","16022","16752","17195","17411","17103","16351","15426","14516",""
"2025","4","1","13900","13484","13219","13128","13371","14189","15734","16690","16546","15745","14921","14253","13792","13509","13275","13420","14021","15252","16616","17582","17660","17056","16150","15271",""
"2025","4","2","14603","14198","13990","13949","14245","15076","16606","17307","16903","16194","15798","15351","15254","15471","16082","16881","17534","17958","18305","18552","18182","17409","16349","15330",""
"2025","4","3","14600","14069","13777","13654","13781","14500","15891","16819","17161","17196","16952","16673","16258","15905","15433","15489","15721","16318","16821","17205","17062","16377","15379","14478",""
"2025","4","4","13808","13363","13048","12900","13037","13715","15007","15885","15838","15172","14388","14079","13640","13302","13240","13539","14043","15176","15904","16362","16278","15768","15042","14195",""
"2025","4","5","13549","13058","12812","12604","12617","12898","13415","13993","14695","15293","15601","15575","15521","15421","15469","15682","16035","16261","16336","16468","16300","15854","15197","14510",""
"2025","4","6","13925","13459","13122","12932","12923","13116","13486","13970","14532","14829","14852","14829","14543","14303","14141","13991","14283","15280","16078","16612","16658","16049","15233","14430",""
"2025","4","7","13856","13448","13255","13236","13533","14406","15881","16726","16839","16485","16461","16540","16440","16353","16374","16419","16799","17425","17810","18131","17993","17237","16263","15291",""
"2025","4","8","14665","14260","14033","13929","14190","15029","16496","17408","17409","16869","16344","16027","15819","15803","15733","15886","16415","17282","18091","18820","18836","18060","17068","16160",""
"2025","4","9","15543","15122","14888","14800","15071","15932","17274","17691","16807","15840","15275","14967","14608","14338","14172","14281","14839","15824","16986","17854","18144","17555","16601","15646",""
"2025","4","10","15056","14590","14342","14237","14454","15265","16627","17159","17023","16748","16220","15854","15801","16084","16484","17013","17498","17888","18066","18268","18078","17357","16360","15411",""
"2025","4","11","14716","14265","13977","13886","14053","14795","16122","17005","17415","17435","17399","17241","17107","16861","16913","16992","17154","17465","17543","17702","17518","16999","16076","15275",""
"2025","4","12","14683","14328","14076","13970","14019","14310","14862","15378","15990","16380","16685","16698","16653","16546","16456","16493","16721","17019","17186","17389","17275","16721","15983","15329",""
"2025","4","13","14777","14310","13991","13810","13784","13962","14329","14549","14519","14209","13749","13506","13213","13094","13005","13011","13300","14001","15051","15956","16208","15799","15087","14378",""
"2025","4","14","13847","13475","13252","13212","13559","14348","15454","15898","15708","15351","14854","14534","14222","13654","13461","13694","14571","15588","16215","16626","16634","16008","15119","14226",""
"2025","4","15","13615","13167","12887","12760","12910","13604","14702","15280","15193","15031","15070","15120","14968","14962","14861","15125","15485","15964","16455","16866","16913","16358","15513","14709",""
"2025","4","16","14135","13691","13428","13359","13556","14283","15439","16285","16683","16617","16557","16425","16250","16334","16347","16516","16968","17343","17560","17876","17825","17224","16271","15338",""
"2025","4","17","14661","14204","13920","13860","14077","14778","15748","15905","15080","14166","13601","13276","13048","12885","12761","12815","13347","14263","15412","16312","16607","16167","15395","14590",""
"2025","4","18","14009","13590","13332","13262","13473","14102","14897","15035","14575","13847","13373","13278","13357","13500","13915","14392","15113","15352","15580","15990","16077","15538","14813","14063",""
"2025","4","19","13478","13020","12687","12500","12499","12725","13111","13446","13923","14312","14197","13899","13618","13552","13657","14092","14803","15682","16014","16141","16223","15797","15146","14441",""
"2025","4","20","13801","13325","12959","12731","12656","12759","12894","12916","12844","12508","11955","11448","11240","11083","11061","11230","11827","12833","14021","14987","15523","15191","14521","13789",""
"2025","4","21","13250","12876","12638","12566","12783","13539","14619","15276","15502","15540","15582","15349","15091","15033","15183","15637","16092","16568","16795","16992","16907","16177","15156","14201",""
"2025","4","22","13570","13107","12808","12705","12872","13605","14775","15563","15575","14883","14182","13857","13689","13744","13938","14324","14877","15579","16287","16871","16954","16300","15328","14325",""
"2025","4","23","13615","13131","12823","12705","12877","13605","14688","14992","14367","13759","13362","13144","13062","13135","13318","13726","14374","15216","16015","16517","16660","16038","15054","14049",""
"2025","4","24","13371","12923","12642","12528","12687","13386","14474","15066","14715","14131","13780","13741","13693","13823","14081","14640","15345","16091","16531","16976","16957","16357","15369","14348",""
"2025","4","25","13584","13036","12683","12523","12628","13236","14303","14964","15108","14983","14813","14733","14761","15011","15423","15988","16310","16688","16702","16801","16736","16137","15348","14457",""
"2025","4","26","13768","13244","12902","12681","12628","12834","13197","13754","14415","14901","15206","15411","15374","15316","15195","15407","15522","15838","16090","16259","16296","15731","14916","14104",""
"2025","4","27","13462","12970","12636","12442","12437","12594","12794","12958","13056","12977","12754","12459","12410","12399","12424","12448","12849","13574","14602","15477","15901","15511","14746","13873",""
"2025","4","28","13270","12840","12589","12547","12791","13621","14667","14888","14307","13596","13169","12997","13006","13057","13109","13481","14205","15185","16120","16692","16815","16074","15051","14031",""
"2025","4","29","13277","12798","12485","12350","12487","13183","14230","14560","14116","13721","13584","13732","13885","14256","14661","15195","16067","16888","17249","17372","17366","16627","15511","14434",""
"2025","4","30","13684","13163","12788","12613","12781","13441","14600","15453","15250","14611","13939","13529","13331","13349","13411","13742","14456","15397","16310","16828","16962","16301","15259","14231",""
"2025","5","1","13459","12971","12634","12507","12662","13350","14432","14921","14600","13996","13447","13245","13302","13673","13851","14202","14925","15810","16353","16554","16619","15999","15038","14091",""
"2025","5","2","13447","12975","12657","12514","12607","13236","14268","15059","15301","15220","14911","15012","14964","15290","15657","16076","16871","17411","17607","17702","17578","16927","15979","15014",""
"2025","5","3","14241","13592","13128","12863","12757","12886","13140","13595","14122","14482","14760","15265","15521","15494","15662","15804","16286","16919","17080","17094","17081","16575","15828","14992",""
"2025","5","4","14258","13630","13178","12909","12785","12844","12962","13300","13771","14191","14503","14879","15326","15459","15506","15607","15771","16186","16435","16486","16436","15881","15020","14131",""
"2025","5","5","13477","13021","12768","12617","12758","13448","14559","15611","16084","16159","16179","16227","16325","16310","16342","16423","16729","17112","17134","17071","16864","16193","15605","15597",""
"2025","5","6","15597","15597","12714","12653","12682","13148","13981","14947","14947","14947","15916","15922","15874","15723","15441","15751","16304","16743","16912","16984","16848","16171","15142","14101",""
"2025","5","7","13405","12936","12628","12453","12568","13229","14346","15167","15346","15173","14879","14615","14744","14982","15173","15496","16117","16651","16866","17036","17050","16428","15430","14445",""
"2025","5","8","13709","13163","12821","12660","12784","13429","14514","15341","15583","15675","15784","15874","15835","15926","16175","16493","16905","17246","17335","17394","17261","16718","15688","14678",""
"2025","5","9","13898","13371","13026","12852","12966","13618","14734","15690","16226","16607","16761","16837","16781","16775","16571","16532","16622","16682","16670","16666","16604","16078","15277","14413",""
"2025","5","10","13705","13191","12864","12669","12651","12855","13154","13280","13064","12649","12345","12211","11876","11908","11849","12015","12722","13723","14792","15463","15788","15548","14879","14120",""
"2025","5","11","13507","12944","12615","12404","12337","12414","12411","12190","11869","11635","11508","11545","11613","11737","11934","12353","13119","14078","15088","15815","16159","15857","15051","14102",""
"2025","5","12","13428","12989","12658","12561","12822","13441","14389","14632","14252","13914","13691","13687","13806","14033","14234","14714","15450","16284","16952","17368","17472","16886","15795","14710",""
"2025","5","13","13929","13376","13026","12838","12946","13571","14579","15373","15545","15576","15632","15755","15806","16193","16457","16646","17033","17387","17483","17548","17511","16867","15781","14670",""
"2025","5","14","13908","13343","12987","12785","12900","13524","14630","15634","16118","16292","16363","16270","16142","16412","16726","16817","17069","17346","17400","17403","17343","16740","15764","14733",""
"2025","5","15","13985","13443","13091","12886","13007","13671","14783","15708","16120","16223","16330","16254","16107","16163","16133","16415","16993","17543","17958","18206","18200","17594","16522","15362",""
"2025","5","16","14481","13844","13439","13214","13328","13822","14803","15690","16155","16236","16038","16387","16581","16588","16308","16456","17001","17555","17916","18176","17962","17510","16562","15539",""
"2025","5","17","14683","14070","13670","13414","13367","13469","13745","14300","14624","14914","15325","15244","14987","15334","15871","16542","17241","17791","17933","17838","17752","17247","16348","15333",""
"2025","5","18","14446","13789","13324","12986","12826","12829","12914","13235","13721","14054","14334","14504","14819","14952","15304","15591","15994","16446","16571","16628","16748","16255","15382","14415",""
"2025","5","19","13730","13188","12820","12693","12832","13459","14560","15384","15376","15038","14641","14356","14164","14253","14492","14717","15113","15887","16496","16851","16899","16403","15365","14269",""
"2025","5","20","13582","13101","12807","12691","12882","13504","14513","14933","14668","14247","13861","13604","13481","13547","13794","14296","14933","15536","16106","16577","16754","16271","15274","14251",""
"2025","5","21","13547","13048","12734","12592","12738","13413","14525","15488","16068","16231","16340","16397","16521","16451","16435","16560","16760","17040","17088","17007","16901","16334","15368","14435",""
"2025","5","22","13770","13273","12962","12880","13009","13664","14794","15871","16473","16668","16735","16640","16446","16454","16432","16559","16765","17047","17132","17123","17064","16526","15580","14585",""
"2025","5","23","13930","13409","13078","12948","13065","13637","14558","15432","15955","16226","16308","16234","16199","16105","15814","15582","15695","15987","16295","16438","16492","16061","15273","14438",""
"2025","5","24","13772","13262","12937","12727","12707","12865","13071","13357","13578","13562","13744","13794","13620","13243","13003","13291","13822","14453","14914","15244","15496","15309","14659","13965",""
"2025","5","25","13356","12877","12556","12361","12342","12405","12437","12413","12499","12463","12558","12945","12927","12751","12636","12963","13504","14063","14468","14836","15203","15013","14483","13787",""
"2025","5","26","13175","12725","12423","12237","12290","12390","12497","12298","12076","11763","11673","11698","11918","12197","12457","12812","13425","14238","15040","15610","15857","15630","14821","13891",""
"2025","5","27","13234","12752","12484","12386","12563","13142","14030","14384","14222","14065","14068","14215","14488","14825","15204","15636","16369","16920","17101","17178","17196","16664","15594","14530",""
"2025","5","28","13739","13205","12847","12690","12792","13315","14257","14876","15053","15019","14962","15123","15263","15467","15561","15798","16251","16745","16854","16848","16762","16213","15259","14270",""
"2025","5","29","13573","13089","12784","12665","12808","13405","14499","15450","15874","15922","15886","15787","15806","15819","15693","15744","15926","16250","16557","16812","16954","16576","15586","14557",""
"2025","5","30","13818","13304","12948","12769","12910","13430","14333","15122","15227","15224","15072","15106","15241","15541","15717","16166","16775","17186","17250","17204","17083","16644","15813","14927",""
"2025","5","31","14167","13593","13237","12971","12842","12950","13167","13697","14301","14810","15004","14938","14879","14909","15131","15217","15297","15445","15571","15610","15628","15342","14727","14007",""
"2025","6","1","13341","12826","12501","12288","12250","12289","12272","12165","12389","12845","12952","12762","12687","12757","12970","13382","13938","14483","14964","15335","15683","15500","14723","13839",""
"2025","6","2","13212","12778","12510","12417","12639","13212","14043","14333","13978","13635","13393","13281","13366","13556","13725","14107","14828","15574","16231","16650","16729","16349","15346","14260",""
"2025","6","3","13510","13003","12676","12528","12664","13215","14197","14650","14580","14336","14366","14356","14402","14684","15125","15792","16707","17565","17975","18126","18011","17491","16358","15198",""
"2025","6","4","14312","13675","13282","13026","13090","13546","14508","15094","15176","15246","15415","15722","16375","17033","17613","18298","19254","20092","20589","20733","20363","19859","18657","17289",""
"2025","6","5","16194","15391","14811","14472","14457","14877","15900","16792","17232","17603","18035","18654","19365","20262","21003","21770","22546","23111","23084","22614","22100","21420","20140","18747",""
"2025","6","6","17583","16661","15983","15599","15517","15897","16879","17939","18645","19238","19735","20164","20449","20824","21342","21774","22110","21871","21378","21096","20808","20327","19328","18163",""
"2025","6","7","17134","16304","15707","15342","15166","15095","15299","15817","16450","16901","17149","17391","17432","17417","17413","17321","17572","18266","18802","18964","18702","18269","17426","16408",""
"2025","6","8","15439","14699","14127","13725","13543","13406","13334","13470","13706","13874","14214","14682","15194","15809","16459","17194","17739","18103","18110","18030","17963","17583","16646","15560",""
"2025","6","9","14750","14168","13804","13599","13741","14339","15408","16402","16943","17203","17106","17225","17329","17331","17370","17389","17858","18299","18270","18135","17945","17400","16369","15354",""
"2025","6","10","14588","14056","13689","13489","13592","14141","15255","16248","16673","16825","16876","16939","16876","16797","16656","16722","17250","18095","18543","18730","18536","18143","17085","15874",""
"2025","6","11","15000","14364","13900","13605","13695","14167","15148","15900","16098","16133","16342","16819","17179","17556","17948","18526","19337","20119","20588","20643","20241","19790","18552","17227",""
"2025","6","12","16132","15366","14867","14543","14556","14955","15976","16892","17276","17655","18084","18466","18805","19403","20021","20880","21761","22230","22231","22153","21681","21041","19687","18103",""
"2025","6","13","16921","15986","15309","14864","14727","15023","15831","16583","16881","16967","16922","16939","17112","17481","17697","18165","18800","19304","19247","19044","18698","18240","17308","16270",""
"2025","6","14","15368","14667","14179","13865","13750","13748","13938","14347","14718","14934","15144","15267","15206","15143","15105","15212","15419","15818","16149","16333","16370","16142","15488","14674",""
"2025","6","15","13985","13448","13056","12832","12740","12717","12826","13132","13598","13959","14206","14373","14478","14529","14606","14888","15319","15698","16021","16349","16607","16428","15621","14655",""
"2025","6","16","13940","13397","13088","12936","13092","13677","14682","15631","16147","16344","16504","16577","16660","16847","16980","17389","17908","18284","18326","18400","18272","17761","16709","15521",""
"2025","6","17","14658","14051","13662","13454","13597","14137","15208","16275","16936","17330","17404","17619","17760","17931","18062","18348","18655","19028","19028","18988","18880","18445","17409","16228",""
"2025","6","18","15312","14679","14290","14085","14210","14769","15905","17067","17738","18211","18499","18600","18840","19320","20006","20972","21929","22569","22450","21993","21488","20913","19738","18464",""
"2025","6","19","17389","16536","15953","15640","15649","16044","16907","17948","18849","19855","20773","21828","22609","23237","23463","23970","24197","24064","24238","23594","22718","21667","20173","18766",""
"2025","6","20","17593","16697","16044","15469","15258","15493","16383","17283","17831","18050","18151","18273","18551","19024","19498","20202","20913","21490","21605","21455","21101","20663","19624","18383",""
"2025","6","21","17252","16354","15680","15289","15086","14980","15145","15614","16175","16787","17615","18472","19336","20092","20814","21717","22528","22973","22988","22822","22476","22107","21283","20314",""
"2025","6","22","19327","18451","17748","17262","16968","16884","16993","17502","18199","18842","19203","19312","19811","20645","21359","22426","23703","24951","25766","26174","26020","25537","24135","22683",""
"2025","6","23","21468","20508","19778","19349","19338","19794","20957","22554","23837","24934","26044","26972","27599","28039","28165","28722","29282","29781","30007","29801","29051","28254","26651","24835",""
"2025","6","24","23474","22247","21364","20772","20615","20916","21947","23360","24475","25431","26429","27376","28273","28955","29255","30088","30720","31476","31857","31720","30641","29698","27912","25988",""
"2025","6","25","24396","23182","22214","21568","21323","21512","22514","23844","24866","25806","26622","27346","27973","28554","28873","29587","29964","30553","30646","30324","29497","28567","26755","24839",""
"2025","6","26","23443","22321","21472","20846","20578","20735","21415","22087","22416","22295","21855","21528","21275","21358","21275","21313","21098","20984","20505","20194","19960","19588","18675","17606",""
"2025","6","27","16762","16053","15505","15226","15263","15703","16514","17364","17846","18040","18117","18379","18580","18925","19056","19251","19513","19626","19283","18943","18760","18386","17606","16692",""
"2025","6","28","15876","15259","14823","14556","14461","14556","14858","15413","16069","16696","17070","17315","17755","18349","19160","20109","21297","22337","22769","22683","22242","21871","20992","19924",""
"2025","6","29","18874","17986","17338","16819","16514","16306","16334","16717","17269","17913","18661","19385","20012","20667","21206","21804","22661","23638","24399","24560","23995","23241","21850","20494",""
"2025","6","30","19320","18308","17649","17113","16925","17125","17911","18843","19637","20478","21441","22724","23824","24801","25303","25981","26854","27508","27156","26622","25893","24967","23645","22089",""
"2025","7","1","20852","19976","19317","18847","18794","19254","20236","21279","22032","22721","23474","24289","25195","26030","26778","27346","27200","26989","26094","25459","24604","23692","22227","20748",""
"2025","7","2","19769","18916","18281","17829","17766","18071","18834","19555","20031","20459","20817","21242","21566","22254","22727","23317","24100","24827","25009","24882","24194","23515","22134","20637",""
"2025","7","3","19363","18375","17596","17113","16940","17159","18001","19005","19746","20484","21054","21590","22117","22950","23533","24050","24510","24474","23346","22366","21573","20836","19715","18444",""
"2025","7","4","17324","16408","15743","15269","14980","14866","14834","14905","15026","15380","15857","16321","16708","17102","17614","18273","19115","19946","20405","20518","19990","19314","18651","17846",""
"2025","7","5","16923","16045","15382","14961","14747","14592","14573","14743","15148","15756","16431","17224","18053","18808","19683","20583","21548","22441","23021","23150","22651","22130","21183","20079",""
"2025","7","6","19005","18027","17257","16769","16468","16282","16262","16611","17296","18243","19313","20387","21407","22284","22948","23626","24420","25366","25865","26082","25453","24853","23604","22181",""
"2025","7","7","20970","20049","19362","18914","18901","19294","20178","21336","22212","22931","23706","24598","25448","26338","26976","27324","27473","27555","27218","26762","26203","25537","24086","22508",""
"2025","7","8","21217","20269","19621","19220","19172","19599","20641","21998","23057","23917","24746","25546","26210","26931","27081","27325","27854","28247","27728","27247","26132","25125","23600","22009",""
"2025","7","9","20749","19732","19042","18616","18561","18918","19802","20756","21485","22127","22845","23709","24502","25290","25899","26441","27047","27685","27456","27086","26488","25779","24222","22491",""
"2025","7","10","21025","19904","19083","18447","18405","18664","19502","20397","20899","21201","21645","22151","22925","23766","24206","24627","24993","25346","25460","25335","24794","24063","22696","21216",""
"2025","7","11","19945","18974","18306","17876","17830","18222","19071","20041","20799","21399","21983","22728","23520","24239","24663","25177","25721","26161","26164","25927","25244","24468","23156","21767",""
"2025","7","12","20550","19537","18792","18278","17940","17853","18015","18536","19336","20077","20806","21525","22246","22963","23523","23925","24373","24914","24979","24643","24145","23603","22613","21467",""
"2025","7","13","20344","19444","18759","18181","17896","17758","17732","18038","18637","19258","19985","20792","21732","22438","22944","23469","24289","24961","25095","25010","24649","24156","23029","21769",""
"2025","7","14","20675","19814","19218","18871","18897","19396","20302","21423","22355","23115","23902","24375","25016","25438","26040","26536","26932","26790","26303","25778","25036","24191","22795","21408",""
"2025","7","15","20194","19278","18646","18283","18276","18766","19686","20654","21211","21817","22381","23126","23896","24709","25452","26241","26948","27533","27830","27745","27054","26140","24565","22823",""
"2025","7","16","21482","20469","19676","19131","18932","19304","20339","21635","22588","23555","24687","25575","26368","27022","27558","28015","28540","28930","28844","28596","28235","27425","25981","24311",""
"2025","7","17","23110","22114","21345","20762","20551","20874","21745","22620","23367","24007","24663","25182","25783","26628","27232","27821","28333","28587","28407","28113","27688","26965","25417","23414",""
"2025","7","18","21712","20405","19448","18760","18437","18565","19122","19633","19759","19827","19853","20024","20254","20424","20547","21141","22033","22797","23206","23209","22440","21652","20428","19125",""
"2025","7","19","18029","17137","16471","16020","15783","15676","15707","15876","16187","16720","17440","18270","19024","19730","20353","21016","21708","22335","22633","22646","22346","21949","21145","20196",""
"2025","7","20","19293","18562","17979","17566","17349","17314","17428","17870","18588","19358","20141","20889","21800","22478","23248","24181","24530","24952","25277","25242","24909","24436","23089","21459",""
"2025","7","21","20109","19007","18211","17648","17464","17704","18417","19308","19838","20030","20400","20788","21333","21728","22223","22589","22939","23283","23394","23332","22844","21942","20453","18913",""
"2025","7","22","17711","16772","16127","15679","15606","15981","16687","17170","17307","17379","17670","18173","18608","19087","19379","19891","20473","21194","21551","21648","21165","20535","19347","18087",""
"2025","7","23","17037","16230","15703","15400","15422","15825","16676","17471","17803","18096","18490","19113","19770","20468","21191","21874","22736","23515","23908","23823","23179","22392","21062","19672",""
"2025","7","24","18522","17607","16909","16498","16500","17001","17935","18936","19557","20143","20898","21786","22750","23651","24456","25214","26064","26773","27110","27143","26505","25717","24289","22674",""
"2025","7","25","21354","20317","19525","19012","18909","19367","20269","21573","22792","23873","24863","25801","26692","27500","28049","28300","27379","27281","27156","26821","26288","25528","24244","22746",""
"2025","7","26","21466","20373","19519","18835","18433","18209","18108","18360","18807","19347","20015","20754","21456","21991","22368","22900","23381","23641","23562","23170","22818","22259","21345","20337",""
"2025","7","27","19419","18625","18039","17598","17366","17272","17332","17775","18420","19122","19803","20477","20954","21243","21517","21938","22814","23862","24612","24950","24837","24401","23337","22022",""
"2025","7","28","20862","19904","19121","18585","18472","18893","19766","20888","21885","22701","23598","24701","25731","26601","27315","27733","28395","29168","29573","29187","28377","27311","25726","23973",""
"2025","7","29","22479","21334","20480","19932","19789","20179","21027","22072","23020","24057","25249","26290","27265","28142","28750","29323","29698","30415","30645","30400","29658","28544","26827","24944",""
"2025","7","30","23528","22331","21430","20744","20445","20680","21339","22365","23127","23844","24783","25753","26678","27666","28467","29076","29353","29758","29400","28567","27890","26955","25602","24131",""
"2025","7","31","22750","21622","20773","20181","19914","20252","20997","22041","22879","23466","23860","24125","24732","25147","24749","24096","23325","22857","22407","22052","21541","20638","19323","18041",""
"2025","8","1","17101","16372","15839","15482","15448","15869","16583","17047","17071","17138","17317","17476","17484","17502","17687","17787","18019","18471","19066","19429","19240","18702","17781","16809",""
"2025","8","2","15907","15242","14723","14421","14262","14287","14357","14408","14356","14445","14786","15101","15410","15807","16324","16979","17744","18567","19184","19289","19104","18619","17750","16817",""
"2025","8","3","15970","15277","14769","14425","14210","14151","14097","14153","14192","14379","14777","15316","16005","16678","17429","18359","19467","20519","21090","20963","20665","19996","18900","17750",""
"2025","8","4","16834","16048","15525","15217","15264","15782","16539","17335","17810","18083","18457","19087","19928","20907","21836","22825","23851","24562","24526","23991","23414","22396","20939","19489",""
"2025","8","5","18273","17378","16725","16305","16254","16720","17589","18391","18919","19311","19761","20240","21010","21824","22424","23083","23687","24187","24119","23902","23370","22531","21240","19871",""
"2025","8","6","18685","17791","17138","16723","16652","17133","17964","18719","19172","19417","19734","20252","20954","21605","21857","21979","22116","22253","22067","21908","21637","20924","19695","18457",""
"2025","8","7","17411","16628","16093","15772","15776","16334","17205","18014","18437","18639","18862","19303","19906","20632","21099","21567","22182","22742","22713","22177","21556","20781","19501","18205",""
"2025","8","8","17182","16334","15711","15341","15294","15723","16424","17221","17576","17779","17973","18436","19017","19798","20380","21063","21852","22499","22599","22246","21531","20640","19440","18206",""
"2025","8","9","17156","16263","15626","15176","14971","14990","15098","15392","15642","15997","16515","17235","18028","18778","19443","20213","21120","21949","22466","22235","21611","20740","19753","18597",""
"2025","8","10","17545","16656","16003","15504","15199","15154","15112","15296","15655","16270","17134","18128","19203","20210","21207","22159","23075","23786","24250","24123","23577","22725","21327","19928",""
"2025","8","11","18820","17900","17243","16786","16709","17111","17837","18720","19262","19785","20530","21453","22518","23534","24344","25148","25897","26573","26721","26256","25320","24009","22353","20624",""
"2025","8","12","19363","18466","17746","17301","17216","17661","18539","19484","20102","20834","21870","22945","23977","24923","25654","26420","27001","27668","27720","27403","26718","25600","23993","22505",""
"2025","8","13","21186","20151","19414","18922","18798","19235","20152","21231","22184","23019","23919","24826","25461","26133","26790","27093","26962","26768","26381","25706","25028","24136","22830","21403",""
"2025","8","14","20235","19313","18646","18202","18148","18622","19521","20407","20976","21442","21817","22287","23342","24367","25240","25871","26357","26691","26799","26479","25712","24610","23129","21615",""
"2025","8","15","20284","19243","18433","17880","17699","18020","18657","19285","19678","20014","20531","21308","22143","23007","23782","24621","25371","25880","25829","25335","24482","23395","22090","20755",""
"2025","8","16","19617","18714","18029","17559","17317","17350","17459","17706","18131","18674","19386","20072","20865","21603","22268","22944","23635","24316","24433","24164","23624","22743","21671","20550",""
"2025","8","17","19491","18571","17886","17430","17151","17093","17076","17405","18051","18902","19965","21165","22284","23222","23977","24513","24869","24942","24142","23629","23214","22434","21259","20032",""
"2025","8","18","18988","18054","17159","16482","16283","16657","17363","17731","17588","17255","17074","17052","17160","17409","17794","18049","18755","19715","20243","20206","19873","18964","17787","16628",""
"2025","8","19","15780","15167","14694","14394","14435","14964","15810","16505","16711","16706","16813","17080","17366","17906","18336","18918","19587","20067","19997","19743","19554","18813","17785","16730",""
"2025","8","20","15943","15302","14828","14589","14692","15299","16299","17239","18037","18501","18649","18656","18687","18641","18399","18417","18582","18596","18412","18250","17979","17266","16343","15418",""
"2025","8","21","14686","14202","13850","13664","13718","14259","15233","15998","16479","16572","16331","16229","16151","16151","16241","16652","17215","17688","18074","18266","18175","17533","16557","15605",""
"2025","8","22","14761","14141","13712","13480","13515","14009","14817","15402","15513","15437","15372","15618","16123","16785","17500","18292","19205","20122","20604","20500","19958","19047","17961","16842",""
"2025","8","23","15914","15152","14610","14238","14107","14202","14395","14643","14797","15007","15394","15991","16539","17084","17596","18275","19052","19873","20067","19864","19565","18912","18071","17141",""
"2025","8","24","16301","15567","15030","14670","14501","14556","14673","14956","15393","15876","16503","17244","17771","18105","18598","19007","19452","20049","20263","20258","20110","19498","18561","17554",""
"2025","8","25","16731","16066","15607","15342","15383","15955","16949","17690","18121","18391","18739","19173","19499","19985","20446","20883","21410","21847","21697","21309","20836","19864","18587","17354",""
"2025","8","26","16330","15552","14982","14605","14552","15001","15813","16438","16499","16405","16546","16863","17366","17932","18384","18591","19059","19495","19521","19515","19251","18440","17364","16246",""
"2025","8","27","15385","14718","14252","13964","13966","14449","15320","15985","16058","15922","15932","16195","16429","16586","16786","17076","17506","17926","18394","18634","18428","17641","16572","15496",""
"2025","8","28","14691","14108","13686","13473","13542","14083","14991","15603","15613","15391","15385","15570","16021","16592","17071","17470","17903","18627","18860","18879","18651","17915","16939","15936",""
"2025","8","29","15162","14559","14125","13890","13945","14437","15354","16180","16599","16545","16720","16971","17226","17369","17209","17189","17367","17900","18193","18371","18107","17372","16453","15459",""
"2025","8","30","14623","13915","13435","13129","13002","13060","13271","13375","13123","12904","13072","13463","13702","13841","13964","14362","15061","15982","16784","16960","16822","16265","15577","14817",""
"2025","8","31","14130","13556","13158","12879","12732","12822","12969","12960","12626","12364","12383","12658","13084","13621","14137","14701","15526","16502","17286","17490","17333","16735","15995","15186",""
"2025","9","1","14483","13904","13492","13246","13186","13359","13633","13692","13561","13476","13724","14121","14705","15187","15478","16039","16649","17483","18062","18283","18151","17441","16475","15485",""
"2025","9","2","14711","14102","13695","13489","13587","14192","15336","16066","16092","15825","15834","16050","16475","17046","17481","17915","18492","19272","19838","19761","19317","18297","17123","15955",""
"2025","9","3","15101","14464","14022","13741","13787","14372","15480","16143","16079","15813","15788","16008","16545","17089","17508","18045","18797","19604","20039","20009","19602","18559","17387","16238",""
"2025","9","4","15352","14715","14289","14048","14118","14747","15970","16698","16807","16801","16975","17386","17805","18547","18812","19212","19713","20222","19979","19894","19511","18717","17708","16660",""
"2025","9","5","15846","15152","14717","14420","14484","15089","16288","17059","17318","17295","17347","17598","18105","18637","19163","19886","20756","21342","21332","21244","20843","20034","19050","18022",""
"2025","9","6","17123","16373","15773","15374","15171","15247","15606","16094","16910","17719","18377","18870","19219","19626","19601","19305","19430","19427","19432","19313","18735","17964","17156","16283",""
"2025","9","7","15496","14792","14245","13866","13658","13700","13907","14078","14221","14203","14263","14442","14611","14633","14645","14735","15303","16118","16990","17425","17332","16635","15740","14773",""
"2025","9","8","14065","13499","13103","12922","13049","13722","14911","15510","15126","14644","14745","14766","14646","14750","14937","15279","16004","17086","17862","18043","17714","16833","15767","14762",""
"2025","9","9","14006","13462","13108","12936","13059","13719","15021","15606","15304","14784","14453","14407","14542","14841","15160","15577","16340","17304","17955","18288","17930","17037","15961","14909",""
"2025","9","10","14193","13656","13308","13158","13241","13923","15231","15930","15708","15302","15199","15095","15133","15335","15619","15971","16521","17416","18101","18414","18056","17227","16181","15166",""
"2025","9","11","14368","13782","13377","13160","13240","13875","15128","15802","15530","15107","15036","15161","15492","16006","16483","17211","18068","18959","19319","19309","18863","17915","16724","15673",""
"2025","9","12","14847","14215","13761","13512","13534","14110","15303","15960","15904","15567","15316","15274","15544","16096","16590","17229","17985","18784","19070","18977","18471","17633","16716","15747",""
"2025","9","13","14957","14340","13897","13604","13506","13625","14031","14340","14529","14596","14776","15223","15576","15946","16454","17069","17581","17931","17977","18053","17779","17220","16539","15753",""
"2025","9","14","15073","14457","13972","13626","13492","13517","13693","13883","13939","13895","14160","14734","15537","16110","16701","17469","18311","19120","19592","19666","19298","18354","17268","16187",""
"2025","9","15","15310","14672","14251","14018","14109","14789","16092","16826","16771","16483","16406","16604","17095","17676","17952","18427","19168","20045","20351","20132","19440","18370","17179","16003",""
"2025","9","16","15155","14481","14149","13909","13971","14607","15904","16597","16404","15942","15777","15836","16263","16703","16924","17279","17899","18681","18983","18985","18555","17585","16479","15373",""
"2025","9","17","14450","13943","13477","13389","13472","14074","15403","16156","16143","15775","15809","15941","16070","16395","16772","17079","17700","18415","18789","18928","18421","17537","16501","15449",""
"2025","9","18","14656","14075","13704","13512","13632","14268","15594","16386","16253","15874","15757","15997","16509","17190","17862","18802","19863","20764","20798","20739","20104","19118","17913","16688",""
"2025","9","19","15707","14936","14441","14135","14131","14691","15915","16676","16879","16857","16898","16962","17174","17564","17996","18658","19456","20284","20411","19942","19237","18258","17131","15979",""
"2025","9","20","15056","14326","13792","13427","13267","13324","13676","13888","13593","13075","12845","12858","13005","13204","13534","14076","14970","16165","16850","16965","16593","15941","15220","14497",""
"2025","9","21","13857","13349","12955","12697","12591","12687","12971","13098","12897","12649","12615","12713","13029","13207","13515","14029","15063","16323","17085","17381","16933","16142","15226","14357",""
"2025","9","22","13664","13192","12882","12736","12847","13550","14859","15679","15822","15755","15594","15798","15917","16187","16408","16963","17782","18565","18769","18844","18245","17385","16415","15469",""
"2025","9","23","14699","14126","13760","13590","13700","14369","15609","16511","17119","17407","17515","17602","17862","18369","18934","19562","20118","20505","20579","20590","19965","19078","18032","16923",""
"2025","9","24","16060","15408","14929","14681","14750","15313","16535","17390","17945","18271","18538","18814","19058","19307","19489","19698","20067","20422","20515","20564","20014","19217","18137","17056",""
"2025","9","25","16188","15551","15122","14932","15070","15811","17229","18328","18959","19411","19684","19927","19943","20055","19956","20065","20322","20638","20695","20773","20317","19502","18322","17127",""
"2025","9","26","16146","15361","14844","14523","14570","15139","16433","17337","17715","17566","17606","17807","18136","18524","18950","19286","19911","20565","20584","20220","19536","18647","17644","16603",""
"2025","9","27","15675","14956","14397","14034","13878","13974","14379","14725","14916","14819","14929","15225","15756","16220","16558","17260","17939","18378","18602","18667","18240","17620","16856","16039",""
"2025","9","28","15309","14707","14238","13925","13773","13795","14089","14304","14265","14116","14423","14858","15581","16348","17084","17884","18851","19934","20195","20148","19474","18551","17479","16387",""
"2025","9","29","15546","14865","14353","14044","14091","14705","15966","16718","16532","16086","16035","16284","16654","17182","17494","17985","18615","19272","19522","19468","18735","17829","16743","15664",""
"2025","9","30","14844","14237","13793","13574","13645","14318","15604","16448","16247","15691","15477","15470","15661","16020","16523","17219","18051","19051","19369","19288","18601","17624","16458","15296",""
"2025","10","1","14453","13784","13284","12991","13015","13625","14889","15599","15039","14147","13725","13589","13601","13755","13992","14536","15551","16814","17398","17450","16827","16050","15052","14131",""
"2025","10","2","13459","12980","12669","12539","12592","13295","14486","15213","14854","14038","13495","13293","13287","13471","13753","14329","15202","16438","17078","17267","16754","15972","15001","14083",""
"2025","10","3","13384","12911","12600","12456","12588","13229","14493","15320","14940","14134","13690","13573","13649","13883","14158","14757","15732","16917","17351","17302","16726","16051","15212","14319",""
"2025","10","4","13624","13090","12706","12516","12457","12620","13105","13506","13446","12952","12786","12913","13269","13686","14199","15147","16206","17319","17724","17694","17173","16529","15765","14926",""
"2025","10","5","14281","13700","13243","12944","12780","12831","13163","13422","13391","13137","13278","13779","14419","15101","15825","16684","17808","18965","19321","19226","18543","17643","16634","15568",""
"2025","10","6","14790","14142","13674","13456","13528","14203","15491","16318","16157","15719","15705","15984","16495","17094","17604","18358","19338","20262","20278","19998","19169","18188","17038","15936",""
